season,city,date,team1,team2,toss_winner,toss_decision,result,dl_applied,winner,win_by_runs,win_by_wickets,player_of_match,venue
2017,Hyderabad,4/5/2017,Sunrisers Hyderabad,Royal Challengers Bangalore,Royal Challengers Bangalore,field,normal,0,Sunrisers Hyderabad,35,0,Yuvraj Singh,"Rajiv Gandhi International Stadium, Uppal"
2017,Bangalore,4/8/2017,Royal Challengers Bangalore,Delhi Daredevils,Royal Challengers Bangalore,bat,normal,0,Royal Challengers Bangalore,15,0,KM Jadhav,M Chinnaswamy Stadium
2017,Mumbai,4/9/2017,Kolkata Knight Riders,Mumbai Indians,Mumbai Indians,field,normal,0,Mumbai Indians,0,4,N Rana,Wankhede Stadium
2017,Indore,4/10/2017,Royal Challengers Bangalore,Kings XI Punjab,Royal Challengers Bangalore,bat,normal,0,Kings XI Punjab,0,8,AR Patel,Holkar Cricket Stadium
2017,Mumbai,4/12/2017,Sunrisers Hyderabad,Mumbai Indians,Mumbai Indians,field,normal,0,Mumbai Indians,0,4,JJ Bumrah,Wankhede Stadium
2017,Kolkata,4/13/2017,Kings XI Punjab,Kolkata Knight Riders,Kolkata Knight Riders,field,normal,0,Kolkata Knight Riders,0,8,SP Narine,Eden Gardens
2017,Bangalore,4/14/2017,Royal Challengers Bangalore,Mumbai Indians,Mumbai Indians,field,normal,0,Mumbai Indians,0,4,KA Pollard,M Chinnaswamy Stadium
2017,Kolkata,4/15/2017,Kolkata Knight Riders,Sunrisers Hyderabad,Sunrisers Hyderabad,field,normal,0,Kolkata Knight Riders,17,0,RV Uthappa,Eden Gardens
2017,Delhi,4/15/2017,Delhi Daredevils,Kings XI Punjab,Delhi Daredevils,bat,normal,0,Delhi Daredevils,51,0,CJ Anderson,Feroz Shah Kotla
2017,Delhi,4/17/2017,Delhi Daredevils,Kolkata Knight Riders,Delhi Daredevils,bat,normal,0,Kolkata Knight Riders,0,4,NM Coulter-Nile,Feroz Shah Kotla
2017,Hyderabad,4/17/2017,Sunrisers Hyderabad,Kings XI Punjab,Kings XI Punjab,field,normal,0,Sunrisers Hyderabad,5,0,B Kumar,"Rajiv Gandhi International Stadium, Uppal"
2017,Hyderabad,4/19/2017,Sunrisers Hyderabad,Delhi Daredevils,Sunrisers Hyderabad,bat,normal,0,Sunrisers Hyderabad,15,0,KS Williamson,"Rajiv Gandhi International Stadium, Uppal"
2017,Indore,4/20/2017,Kings XI Punjab,Mumbai Indians,Mumbai Indians,field,normal,0,Mumbai Indians,0,8,JC Buttler,Holkar Cricket Stadium
2017,Mumbai,4/22/2017,Mumbai Indians,Delhi Daredevils,Delhi Daredevils,field,normal,0,Mumbai Indians,14,0,MJ McClenaghan,Wankhede Stadium
2017,Kolkata,4/23/2017,Kolkata Knight Riders,Royal Challengers Bangalore,Royal Challengers Bangalore,field,normal,0,Kolkata Knight Riders,82,0,NM Coulter-Nile,Eden Gardens
2017,Kolkata,4/28/2017,Delhi Daredevils,Kolkata Knight Riders,Kolkata Knight Riders,field,normal,0,Kolkata Knight Riders,0,7,G Gambhir,Eden Gardens
2017,Chandigarh,4/28/2017,Sunrisers Hyderabad,Kings XI Punjab,Kings XI Punjab,field,normal,0,Sunrisers Hyderabad,26,0,Rashid Khan,"Punjab Cricket Association IS Bindra Stadium, Mohali"
2017,Chandigarh,4/30/2017,Delhi Daredevils,Kings XI Punjab,Kings XI Punjab,field,normal,0,Kings XI Punjab,0,10,Sandeep Sharma,"Punjab Cricket Association IS Bindra Stadium, Mohali"
2017,Hyderabad,4/30/2017,Sunrisers Hyderabad,Kolkata Knight Riders,Kolkata Knight Riders,field,normal,0,Sunrisers Hyderabad,48,0,DA Warner,"Rajiv Gandhi International Stadium, Uppal"
2017,Mumbai,5/1/2017,Royal Challengers Bangalore,Mumbai Indians,Royal Challengers Bangalore,bat,normal,0,Mumbai Indians,0,5,RG Sharma,Wankhede Stadium
2017,Delhi,5/2/2017,Sunrisers Hyderabad,Delhi Daredevils,Delhi Daredevils,field,normal,0,Delhi Daredevils,0,6,Mohammed Shami,Feroz Shah Kotla
2017,Bangalore,5/5/2017,Kings XI Punjab,Royal Challengers Bangalore,Royal Challengers Bangalore,field,normal,0,Kings XI Punjab,19,0,Sandeep Sharma,M Chinnaswamy Stadium
2017,Delhi,5/6/2017,Mumbai Indians,Delhi Daredevils,Delhi Daredevils,field,normal,0,Mumbai Indians,146,0,LMP Simmons,Feroz Shah Kotla
2017,Bangalore,5/7/2017,Royal Challengers Bangalore,Kolkata Knight Riders,Kolkata Knight Riders,field,normal,0,Kolkata Knight Riders,0,6,SP Narine,M Chinnaswamy Stadium
2017,Hyderabad,5/8/2017,Mumbai Indians,Sunrisers Hyderabad,Mumbai Indians,bat,normal,0,Sunrisers Hyderabad,0,7,S Dhawan,"Rajiv Gandhi International Stadium, Uppal"
2017,Chandigarh,5/9/2017,Kings XI Punjab,Kolkata Knight Riders,Kolkata Knight Riders,field,normal,0,Kings XI Punjab,14,0,MM Sharma,"Punjab Cricket Association IS Bindra Stadium, Mohali"
2017,Mumbai,5/11/2017,Kings XI Punjab,Mumbai Indians,Mumbai Indians,field,normal,0,Kings XI Punjab,7,0,WP Saha,Wankhede Stadium
2017,Kolkata,5/13/2017,Mumbai Indians,Kolkata Knight Riders,Kolkata Knight Riders,field,normal,0,Mumbai Indians,9,0,AT Rayudu,Eden Gardens
2017,Delhi,5/14/2017,Royal Challengers Bangalore,Delhi Daredevils,Royal Challengers Bangalore,bat,normal,0,Royal Challengers Bangalore,10,0,HV Patel,Feroz Shah Kotla
2017,Bangalore,5/17/2017,Sunrisers Hyderabad,Kolkata Knight Riders,Kolkata Knight Riders,field,normal,1,Kolkata Knight Riders,0,7,NM Coulter-Nile,M Chinnaswamy Stadium
2017,Bangalore,5/19/2017,Kolkata Knight Riders,Mumbai Indians,Mumbai Indians,field,normal,0,Mumbai Indians,0,6,KV Sharma,M Chinnaswamy Stadium
2008,Bangalore,4/18/2008,Kolkata Knight Riders,Royal Challengers Bangalore,Royal Challengers Bangalore,field,normal,0,Kolkata Knight Riders,140,0,BB McCullum,M Chinnaswamy Stadium
2008,Chandigarh,4/19/2008,Chennai Super Kings,Kings XI Punjab,Chennai Super Kings,bat,normal,0,Chennai Super Kings,33,0,MEK Hussey,"Punjab Cricket Association Stadium, Mohali"
2008,Delhi,4/19/2008,Rajasthan Royals,Delhi Daredevils,Rajasthan Royals,bat,normal,0,Delhi Daredevils,0,9,MF Maharoof,Feroz Shah Kotla
2008,Mumbai,4/20/2008,Mumbai Indians,Royal Challengers Bangalore,Mumbai Indians,bat,normal,0,Royal Challengers Bangalore,0,5,MV Boucher,Wankhede Stadium
2008,Jaipur,4/21/2008,Kings XI Punjab,Rajasthan Royals,Kings XI Punjab,bat,normal,0,Rajasthan Royals,0,6,SR Watson,Sawai Mansingh Stadium
2008,Chennai,4/23/2008,Chennai Super Kings,Mumbai Indians,Mumbai Indians,field,normal,0,Chennai Super Kings,6,0,ML Hayden,"MA Chidambaram Stadium, Chepauk"
2008,Chandigarh,4/25/2008,Kings XI Punjab,Mumbai Indians,Mumbai Indians,field,normal,0,Kings XI Punjab,66,0,KC Sangakkara,"Punjab Cricket Association Stadium, Mohali"
2008,Bangalore,4/26/2008,Royal Challengers Bangalore,Rajasthan Royals,Rajasthan Royals,field,normal,0,Rajasthan Royals,0,7,SR Watson,M Chinnaswamy Stadium
2008,Chennai,4/26/2008,Kolkata Knight Riders,Chennai Super Kings,Kolkata Knight Riders,bat,normal,0,Chennai Super Kings,0,9,JDP Oram,"MA Chidambaram Stadium, Chepauk"
2008,Chandigarh,4/27/2008,Delhi Daredevils,Kings XI Punjab,Delhi Daredevils,bat,normal,0,Kings XI Punjab,0,4,SM Katich,"Punjab Cricket Association Stadium, Mohali"
2008,Bangalore,4/28/2008,Chennai Super Kings,Royal Challengers Bangalore,Chennai Super Kings,bat,normal,0,Chennai Super Kings,13,0,MS Dhoni,M Chinnaswamy Stadium
2008,Kolkata,4/29/2008,Kolkata Knight Riders,Mumbai Indians,Kolkata Knight Riders,bat,normal,0,Mumbai Indians,0,7,ST Jayasuriya,Eden Gardens
2008,Delhi,4/30/2008,Delhi Daredevils,Royal Challengers Bangalore,Royal Challengers Bangalore,field,normal,0,Delhi Daredevils,10,0,GD McGrath,Feroz Shah Kotla
2008,Jaipur,5/1/2008,Rajasthan Royals,Kolkata Knight Riders,Rajasthan Royals,bat,normal,0,Rajasthan Royals,45,0,SA Asnodkar,Sawai Mansingh Stadium
2008,Chennai,5/2/2008,Chennai Super Kings,Delhi Daredevils,Chennai Super Kings,bat,normal,0,Delhi Daredevils,0,8,V Sehwag,"MA Chidambaram Stadium, Chepauk"
2008,Chandigarh,5/3/2008,Kings XI Punjab,Kolkata Knight Riders,Kings XI Punjab,bat,normal,0,Kings XI Punjab,9,0,IK Pathan,"Punjab Cricket Association Stadium, Mohali"
2008,Mumbai,5/4/2008,Mumbai Indians,Delhi Daredevils,Delhi Daredevils,field,normal,0,Mumbai Indians,29,0,SM Pollock,Dr DY Patil Sports Academy
2008,Jaipur,5/4/2008,Chennai Super Kings,Rajasthan Royals,Chennai Super Kings,bat,normal,0,Rajasthan Royals,0,8,Sohail Tanvir,Sawai Mansingh Stadium
2008,Bangalore,5/5/2008,Royal Challengers Bangalore,Kings XI Punjab,Kings XI Punjab,field,normal,0,Kings XI Punjab,0,6,S Sreesanth,M Chinnaswamy Stadium
2008,Mumbai,5/7/2008,Rajasthan Royals,Mumbai Indians,Mumbai Indians,field,normal,0,Mumbai Indians,0,7,A Nehra,Dr DY Patil Sports Academy
2008,Delhi,5/8/2008,Delhi Daredevils,Chennai Super Kings,Chennai Super Kings,field,normal,0,Chennai Super Kings,0,4,MS Dhoni,Feroz Shah Kotla
2008,Kolkata,5/8/2008,Kolkata Knight Riders,Royal Challengers Bangalore,Kolkata Knight Riders,bat,normal,0,Kolkata Knight Riders,5,0,SC Ganguly,Eden Gardens
2008,Bangalore,5/28/2008,Royal Challengers Bangalore,Mumbai Indians,Mumbai Indians,field,normal,0,Mumbai Indians,0,9,CRD Fernando,M Chinnaswamy Stadium
2008,Chennai,5/10/2008,Chennai Super Kings,Kings XI Punjab,Kings XI Punjab,field,normal,0,Chennai Super Kings,18,0,L Balaji,"MA Chidambaram Stadium, Chepauk"
2008,Jaipur,5/11/2008,Delhi Daredevils,Rajasthan Royals,Rajasthan Royals,field,normal,0,Rajasthan Royals,0,3,SR Watson,Sawai Mansingh Stadium
2008,Chandigarh,5/12/2008,Royal Challengers Bangalore,Kings XI Punjab,Royal Challengers Bangalore,bat,normal,0,Kings XI Punjab,0,9,SE Marsh,"Punjab Cricket Association Stadium, Mohali"
2008,Kolkata,5/13/2008,Kolkata Knight Riders,Delhi Daredevils,Kolkata Knight Riders,bat,normal,0,Kolkata Knight Riders,23,0,Shoaib Akhtar,Eden Gardens
2008,Mumbai,5/14/2008,Chennai Super Kings,Mumbai Indians,Mumbai Indians,field,normal,0,Mumbai Indians,0,9,ST Jayasuriya,Wankhede Stadium
2008,Chandigarh,5/28/2008,Kings XI Punjab,Rajasthan Royals,Rajasthan Royals,field,normal,0,Kings XI Punjab,41,0,SE Marsh,"Punjab Cricket Association Stadium, Mohali"
2008,Mumbai,5/16/2008,Kolkata Knight Riders,Mumbai Indians,Mumbai Indians,field,normal,0,Mumbai Indians,0,8,SM Pollock,Wankhede Stadium
2008,Delhi,5/17/2008,Delhi Daredevils,Kings XI Punjab,Delhi Daredevils,bat,normal,1,Kings XI Punjab,6,0,DPMD Jayawardene,Feroz Shah Kotla
2008,Jaipur,5/17/2008,Rajasthan Royals,Royal Challengers Bangalore,Royal Challengers Bangalore,field,normal,0,Rajasthan Royals,65,0,GC Smith,Sawai Mansingh Stadium
2008,Kolkata,5/18/2008,Kolkata Knight Riders,Chennai Super Kings,Kolkata Knight Riders,bat,normal,1,Chennai Super Kings,3,0,M Ntini,Eden Gardens
2008,Bangalore,5/19/2008,Royal Challengers Bangalore,Delhi Daredevils,Delhi Daredevils,field,normal,0,Delhi Daredevils,0,5,SP Goswami,M Chinnaswamy Stadium
2008,Kolkata,5/20/2008,Kolkata Knight Riders,Rajasthan Royals,Rajasthan Royals,field,normal,0,Rajasthan Royals,0,6,YK Pathan,Eden Gardens
2008,Mumbai,5/21/2008,Kings XI Punjab,Mumbai Indians,Mumbai Indians,field,normal,0,Kings XI Punjab,1,0,SE Marsh,Wankhede Stadium
2008,Chennai,5/21/2008,Royal Challengers Bangalore,Chennai Super Kings,Royal Challengers Bangalore,bat,normal,0,Royal Challengers Bangalore,14,0,A Kumble,"MA Chidambaram Stadium, Chepauk"
2008,Delhi,5/24/2008,Mumbai Indians,Delhi Daredevils,Delhi Daredevils,field,normal,0,Delhi Daredevils,0,5,KD Karthik,Feroz Shah Kotla
2008,Chennai,5/24/2008,Rajasthan Royals,Chennai Super Kings,Rajasthan Royals,bat,normal,0,Rajasthan Royals,10,0,JA Morkel,"MA Chidambaram Stadium, Chepauk"
2008,Kolkata,5/25/2008,Kings XI Punjab,Kolkata Knight Riders,Kings XI Punjab,bat,normal,0,Kolkata Knight Riders,0,3,Umar Gul,Eden Gardens
2008,Jaipur,5/26/2008,Mumbai Indians,Rajasthan Royals,Rajasthan Royals,field,normal,0,Rajasthan Royals,0,5,Sohail Tanvir,Sawai Mansingh Stadium
2008,Mumbai,5/30/2008,Rajasthan Royals,Delhi Daredevils,Delhi Daredevils,field,normal,0,Rajasthan Royals,105,0,SR Watson,Wankhede Stadium
2008,Mumbai,5/31/2008,Kings XI Punjab,Chennai Super Kings,Kings XI Punjab,bat,normal,0,Chennai Super Kings,0,9,M Ntini,Wankhede Stadium
2008,Mumbai,6/1/2008,Chennai Super Kings,Rajasthan Royals,Rajasthan Royals,field,normal,0,Rajasthan Royals,0,3,YK Pathan,Dr DY Patil Sports Academy
2009,Cape Town,4/18/2009,Mumbai Indians,Chennai Super Kings,Chennai Super Kings,field,normal,0,Mumbai Indians,19,0,SR Tendulkar,Newlands
2009,Cape Town,4/18/2009,Royal Challengers Bangalore,Rajasthan Royals,Royal Challengers Bangalore,bat,normal,0,Royal Challengers Bangalore,75,0,R Dravid,Newlands
2009,Cape Town,4/19/2009,Kings XI Punjab,Delhi Daredevils,Delhi Daredevils,field,normal,1,Delhi Daredevils,0,10,DL Vettori,Newlands
2009,Port Elizabeth,4/20/2009,Chennai Super Kings,Royal Challengers Bangalore,Chennai Super Kings,bat,normal,0,Chennai Super Kings,92,0,M Muralitharan,St George's Park
2009,Durban,4/21/2009,Kings XI Punjab,Kolkata Knight Riders,Kolkata Knight Riders,field,normal,1,Kolkata Knight Riders,11,0,CH Gayle,Kingsmead
2009,Durban,4/23/2009,Delhi Daredevils,Chennai Super Kings,Delhi Daredevils,bat,normal,0,Delhi Daredevils,9,0,AB de Villiers,Kingsmead
2009,Cape Town,4/23/2009,Rajasthan Royals,Kolkata Knight Riders,Kolkata Knight Riders,field,tie,0,Rajasthan Royals,0,0,YK Pathan,Newlands
2009,Durban,4/24/2009,Royal Challengers Bangalore,Kings XI Punjab,Royal Challengers Bangalore,bat,normal,0,Kings XI Punjab,0,7,RS Bopara,Kingsmead
2009,Port Elizabeth,4/26/2009,Royal Challengers Bangalore,Delhi Daredevils,Royal Challengers Bangalore,bat,normal,0,Delhi Daredevils,0,6,TM Dilshan,St George's Park
2009,Cape Town,4/26/2009,Kings XI Punjab,Rajasthan Royals,Kings XI Punjab,bat,normal,0,Kings XI Punjab,27,0,KC Sangakkara,Newlands
2009,Port Elizabeth,4/27/2009,Mumbai Indians,Kolkata Knight Riders,Mumbai Indians,bat,normal,0,Mumbai Indians,92,0,SR Tendulkar,St George's Park
2009,Centurion,4/28/2009,Delhi Daredevils,Rajasthan Royals,Delhi Daredevils,bat,normal,0,Rajasthan Royals,0,5,YK Pathan,SuperSport Park
2009,Durban,4/29/2009,Kolkata Knight Riders,Royal Challengers Bangalore,Kolkata Knight Riders,bat,normal,0,Royal Challengers Bangalore,0,5,MV Boucher,Kingsmead
2009,Durban,4/29/2009,Kings XI Punjab,Mumbai Indians,Kings XI Punjab,bat,normal,0,Kings XI Punjab,3,0,KC Sangakkara,Kingsmead
2009,Centurion,4/30/2009,Chennai Super Kings,Rajasthan Royals,Rajasthan Royals,field,normal,0,Chennai Super Kings,38,0,SK Raina,SuperSport Park
2009,East London,5/1/2009,Mumbai Indians,Kolkata Knight Riders,Mumbai Indians,bat,normal,0,Mumbai Indians,9,0,JP Duminy,Buffalo Park
2009,Durban,5/1/2009,Royal Challengers Bangalore,Kings XI Punjab,Royal Challengers Bangalore,bat,normal,0,Royal Challengers Bangalore,8,0,Yuvraj Singh,Kingsmead
2009,Johannesburg,5/2/2009,Chennai Super Kings,Delhi Daredevils,Delhi Daredevils,field,normal,0,Chennai Super Kings,18,0,SB Jakati,New Wanderers Stadium
2009,Port Elizabeth,5/3/2009,Kolkata Knight Riders,Kings XI Punjab,Kolkata Knight Riders,bat,normal,0,Kings XI Punjab,0,6,DPMD Jayawardene,St George's Park
2009,Johannesburg,5/3/2009,Mumbai Indians,Royal Challengers Bangalore,Mumbai Indians,bat,normal,0,Royal Challengers Bangalore,0,9,JH Kallis,New Wanderers Stadium
2009,Durban,5/5/2009,Rajasthan Royals,Kings XI Punjab,Kings XI Punjab,field,normal,0,Rajasthan Royals,78,0,GC Smith,Kingsmead
2009,Durban,5/5/2009,Kolkata Knight Riders,Delhi Daredevils,Kolkata Knight Riders,bat,normal,0,Delhi Daredevils,0,9,G Gambhir,Kingsmead
2009,Centurion,5/7/2009,Royal Challengers Bangalore,Rajasthan Royals,Rajasthan Royals,field,normal,0,Rajasthan Royals,0,7,A Singh,SuperSport Park
2009,Centurion,5/7/2009,Chennai Super Kings,Kings XI Punjab,Chennai Super Kings,bat,normal,1,Chennai Super Kings,12,0,ML Hayden,SuperSport Park
2009,East London,5/8/2009,Mumbai Indians,Delhi Daredevils,Mumbai Indians,bat,normal,0,Delhi Daredevils,0,7,A Nehra,Buffalo Park
2009,Kimberley,5/9/2009,Rajasthan Royals,Chennai Super Kings,Rajasthan Royals,bat,normal,0,Chennai Super Kings,0,7,S Badrinath,De Beers Diamond Oval
2009,Port Elizabeth,5/10/2009,Mumbai Indians,Royal Challengers Bangalore,Mumbai Indians,bat,normal,0,Mumbai Indians,16,0,JP Duminy,St George's Park
2009,Johannesburg,5/10/2009,Kolkata Knight Riders,Delhi Daredevils,Delhi Daredevils,field,normal,0,Delhi Daredevils,0,7,A Mishra,New Wanderers Stadium
2009,Centurion,5/12/2009,Kolkata Knight Riders,Royal Challengers Bangalore,Royal Challengers Bangalore,field,normal,0,Royal Challengers Bangalore,0,6,LRPL Taylor,SuperSport Park
2009,Centurion,5/12/2009,Kings XI Punjab,Mumbai Indians,Kings XI Punjab,bat,normal,0,Mumbai Indians,0,8,Harbhajan Singh,SuperSport Park
2009,Durban,5/14/2009,Chennai Super Kings,Royal Challengers Bangalore,Chennai Super Kings,bat,normal,0,Royal Challengers Bangalore,0,2,LRPL Taylor,Kingsmead
2009,Durban,5/14/2009,Rajasthan Royals,Mumbai Indians,Rajasthan Royals,bat,normal,0,Rajasthan Royals,2,0,SK Warne,Kingsmead
2009,Bloemfontein,5/15/2009,Delhi Daredevils,Kings XI Punjab,Kings XI Punjab,field,normal,0,Kings XI Punjab,0,6,B Lee,OUTsurance Oval
2009,Port Elizabeth,5/16/2009,Mumbai Indians,Chennai Super Kings,Mumbai Indians,bat,normal,0,Chennai Super Kings,0,7,ML Hayden,St George's Park
2009,Bloemfontein,5/17/2009,Delhi Daredevils,Rajasthan Royals,Delhi Daredevils,bat,normal,0,Delhi Daredevils,14,0,AB de Villiers,OUTsurance Oval
2009,Centurion,5/18/2009,Chennai Super Kings,Kolkata Knight Riders,Chennai Super Kings,bat,normal,0,Kolkata Knight Riders,0,7,BJ Hodge,SuperSport Park
2009,Johannesburg,5/19/2009,Delhi Daredevils,Royal Challengers Bangalore,Delhi Daredevils,bat,normal,0,Royal Challengers Bangalore,0,7,JH Kallis,New Wanderers Stadium
2009,Durban,5/20/2009,Rajasthan Royals,Kolkata Knight Riders,Kolkata Knight Riders,field,normal,0,Kolkata Knight Riders,0,4,LR Shukla,Kingsmead
2009,Durban,5/20/2009,Chennai Super Kings,Kings XI Punjab,Chennai Super Kings,bat,normal,0,Chennai Super Kings,24,0,M Muralitharan,Kingsmead
2009,Centurion,5/21/2009,Mumbai Indians,Delhi Daredevils,Delhi Daredevils,field,normal,0,Delhi Daredevils,0,4,V Sehwag,SuperSport Park
2009,Johannesburg,5/23/2009,Chennai Super Kings,Royal Challengers Bangalore,Royal Challengers Bangalore,field,normal,0,Royal Challengers Bangalore,0,6,MK Pandey,New Wanderers Stadium
2010,Mumbai,3/13/2010,Mumbai Indians,Rajasthan Royals,Mumbai Indians,bat,normal,0,Mumbai Indians,4,0,YK Pathan,Brabourne Stadium
2010,Chandigarh,3/13/2010,Kings XI Punjab,Delhi Daredevils,Delhi Daredevils,field,normal,0,Delhi Daredevils,0,5,G Gambhir,"Punjab Cricket Association Stadium, Mohali"
2010,Kolkata,3/14/2010,Royal Challengers Bangalore,Kolkata Knight Riders,Kolkata Knight Riders,field,normal,0,Kolkata Knight Riders,0,7,MK Tiwary,Eden Gardens
2010,Ahmedabad,3/15/2010,Rajasthan Royals,Delhi Daredevils,Delhi Daredevils,field,normal,0,Delhi Daredevils,0,6,V Sehwag,"Sardar Patel Stadium, Motera"
2010,Bangalore,3/16/2010,Kings XI Punjab,Royal Challengers Bangalore,Kings XI Punjab,bat,normal,0,Royal Challengers Bangalore,0,8,JH Kallis,M Chinnaswamy Stadium
2010,Kolkata,3/16/2010,Chennai Super Kings,Kolkata Knight Riders,Chennai Super Kings,bat,normal,0,Chennai Super Kings,55,0,MS Dhoni,Eden Gardens
2010,Delhi,3/17/2010,Mumbai Indians,Delhi Daredevils,Delhi Daredevils,field,normal,0,Mumbai Indians,98,0,SR Tendulkar,Feroz Shah Kotla
2010,Bangalore,3/18/2010,Rajasthan Royals,Royal Challengers Bangalore,Royal Challengers Bangalore,field,normal,0,Royal Challengers Bangalore,0,10,JH Kallis,M Chinnaswamy Stadium
2010,Delhi,3/19/2010,Delhi Daredevils,Chennai Super Kings,Delhi Daredevils,bat,normal,0,Chennai Super Kings,0,5,ML Hayden,Feroz Shah Kotla
2010,Ahmedabad,3/20/2010,Rajasthan Royals,Kolkata Knight Riders,Rajasthan Royals,bat,normal,0,Rajasthan Royals,34,0,AA Jhunjhunwala,"Sardar Patel Stadium, Motera"
2010,Mumbai,3/20/2010,Mumbai Indians,Royal Challengers Bangalore,Mumbai Indians,bat,normal,0,Royal Challengers Bangalore,0,7,JH Kallis,Brabourne Stadium
2010,Chennai,3/21/2010,Kings XI Punjab,Chennai Super Kings,Chennai Super Kings,field,tie,0,Kings XI Punjab,0,0,J Theron,"MA Chidambaram Stadium, Chepauk"
2010,Mumbai,3/22/2010,Kolkata Knight Riders,Mumbai Indians,Kolkata Knight Riders,bat,normal,0,Mumbai Indians,0,7,SR Tendulkar,Brabourne Stadium
2010,Bangalore,3/23/2010,Royal Challengers Bangalore,Chennai Super Kings,Chennai Super Kings,field,normal,0,Royal Challengers Bangalore,36,0,RV Uthappa,M Chinnaswamy Stadium
2010,Chandigarh,3/24/2010,Rajasthan Royals,Kings XI Punjab,Kings XI Punjab,field,normal,0,Rajasthan Royals,31,0,AC Voges,"Punjab Cricket Association Stadium, Mohali"
2010,Mumbai,3/25/2010,Chennai Super Kings,Mumbai Indians,Mumbai Indians,field,normal,0,Mumbai Indians,0,5,SR Tendulkar,Brabourne Stadium
2010,Chandigarh,3/27/2010,Kolkata Knight Riders,Kings XI Punjab,Kolkata Knight Riders,bat,normal,0,Kolkata Knight Riders,39,0,MK Tiwary,"Punjab Cricket Association Stadium, Mohali"
2010,Bangalore,3/25/2010,Delhi Daredevils,Royal Challengers Bangalore,Royal Challengers Bangalore,field,normal,0,Delhi Daredevils,17,0,KM Jadhav,M Chinnaswamy Stadium
2010,Ahmedabad,3/28/2010,Rajasthan Royals,Chennai Super Kings,Rajasthan Royals,bat,normal,0,Rajasthan Royals,17,0,NV Ojha,"Sardar Patel Stadium, Motera"
2010,Delhi,3/29/2010,Delhi Daredevils,Kolkata Knight Riders,Delhi Daredevils,bat,normal,0,Delhi Daredevils,40,0,DA Warner,Feroz Shah Kotla
2010,Mumbai,3/30/2010,Kings XI Punjab,Mumbai Indians,Mumbai Indians,field,normal,0,Mumbai Indians,0,4,SL Malinga,Brabourne Stadium
2010,Chennai,3/31/2010,Royal Challengers Bangalore,Chennai Super Kings,Royal Challengers Bangalore,bat,normal,0,Chennai Super Kings,0,5,M Vijay,"MA Chidambaram Stadium, Chepauk"
2010,Delhi,3/31/2010,Delhi Daredevils,Rajasthan Royals,Delhi Daredevils,bat,normal,0,Delhi Daredevils,67,0,KD Karthik,Feroz Shah Kotla
2010,Chandigarh,4/2/2010,Kings XI Punjab,Royal Challengers Bangalore,Kings XI Punjab,bat,normal,0,Royal Challengers Bangalore,0,6,KP Pietersen,"Punjab Cricket Association Stadium, Mohali"
2010,Chennai,4/3/2010,Chennai Super Kings,Rajasthan Royals,Chennai Super Kings,bat,normal,0,Chennai Super Kings,23,0,M Vijay,"MA Chidambaram Stadium, Chepauk"
2010,Kolkata,4/4/2010,Kolkata Knight Riders,Kings XI Punjab,Kolkata Knight Riders,bat,normal,0,Kings XI Punjab,0,8,DPMD Jayawardene,Eden Gardens
2010,Delhi,4/4/2010,Delhi Daredevils,Royal Challengers Bangalore,Delhi Daredevils,bat,normal,0,Delhi Daredevils,37,0,PD Collingwood,Feroz Shah Kotla
2010,Chennai,4/6/2010,Chennai Super Kings,Mumbai Indians,Chennai Super Kings,bat,normal,0,Chennai Super Kings,24,0,SK Raina,"MA Chidambaram Stadium, Chepauk"
2010,Jaipur,4/7/2010,Kings XI Punjab,Rajasthan Royals,Kings XI Punjab,bat,normal,0,Rajasthan Royals,0,9,MJ Lumb,Sawai Mansingh Stadium
2010,Kolkata,4/7/2010,Kolkata Knight Riders,Delhi Daredevils,Kolkata Knight Riders,bat,normal,0,Kolkata Knight Riders,14,0,SC Ganguly,Eden Gardens
2010,Chandigarh,4/9/2010,Mumbai Indians,Kings XI Punjab,Mumbai Indians,bat,normal,0,Kings XI Punjab,0,6,KC Sangakkara,"Punjab Cricket Association Stadium, Mohali"
2010,Bangalore,4/10/2010,Kolkata Knight Riders,Royal Challengers Bangalore,Royal Challengers Bangalore,field,normal,0,Royal Challengers Bangalore,0,7,R Vinay Kumar,M Chinnaswamy Stadium
2010,Delhi,4/11/2010,Delhi Daredevils,Kings XI Punjab,Delhi Daredevils,bat,normal,0,Kings XI Punjab,0,7,PP Chawla,Feroz Shah Kotla
2010,Jaipur,4/11/2010,Mumbai Indians,Rajasthan Royals,Rajasthan Royals,field,normal,0,Mumbai Indians,37,0,SR Tendulkar,Sawai Mansingh Stadium
2010,Mumbai,4/13/2010,Mumbai Indians,Delhi Daredevils,Mumbai Indians,bat,normal,0,Mumbai Indians,39,0,KA Pollard,Brabourne Stadium
2010,Chennai,4/13/2010,Kolkata Knight Riders,Chennai Super Kings,Kolkata Knight Riders,bat,normal,0,Chennai Super Kings,0,9,R Ashwin,"MA Chidambaram Stadium, Chepauk"
2010,Jaipur,4/14/2010,Rajasthan Royals,Royal Challengers Bangalore,Rajasthan Royals,bat,normal,0,Royal Challengers Bangalore,0,5,KP Pietersen,Sawai Mansingh Stadium
2010,Chennai,4/15/2010,Chennai Super Kings,Delhi Daredevils,Chennai Super Kings,bat,normal,0,Delhi Daredevils,0,6,G Gambhir,"MA Chidambaram Stadium, Chepauk"
2010,Bangalore,4/17/2010,Mumbai Indians,Royal Challengers Bangalore,Royal Challengers Bangalore,field,normal,0,Mumbai Indians,57,0,R McLaren,M Chinnaswamy Stadium
2010,Kolkata,4/17/2010,Rajasthan Royals,Kolkata Knight Riders,Rajasthan Royals,bat,normal,0,Kolkata Knight Riders,0,8,JD Unadkat,Eden Gardens
2010,Dharamsala,4/18/2010,Kings XI Punjab,Chennai Super Kings,Chennai Super Kings,field,normal,0,Chennai Super Kings,0,6,MS Dhoni,Himachal Pradesh Cricket Association Stadium
2010,Kolkata,4/19/2010,Mumbai Indians,Kolkata Knight Riders,Mumbai Indians,bat,normal,0,Kolkata Knight Riders,0,9,M Kartik,Eden Gardens
2010,Mumbai,4/21/2010,Mumbai Indians,Royal Challengers Bangalore,Mumbai Indians,bat,normal,0,Mumbai Indians,35,0,KA Pollard,Dr DY Patil Sports Academy
2010,Mumbai,4/25/2010,Chennai Super Kings,Mumbai Indians,Chennai Super Kings,bat,normal,0,Chennai Super Kings,22,0,SK Raina,Dr DY Patil Sports Academy
2011,Chennai,4/8/2011,Chennai Super Kings,Kolkata Knight Riders,Chennai Super Kings,bat,normal,0,Chennai Super Kings,2,0,S Anirudha,"MA Chidambaram Stadium, Chepauk"
2011,Delhi,4/10/2011,Delhi Daredevils,Mumbai Indians,Delhi Daredevils,bat,normal,0,Mumbai Indians,0,8,SL Malinga,Feroz Shah Kotla
2011,Jaipur,4/12/2011,Delhi Daredevils,Rajasthan Royals,Delhi Daredevils,bat,normal,0,Rajasthan Royals,0,6,SK Warne,Sawai Mansingh Stadium
2011,Bangalore,4/12/2011,Royal Challengers Bangalore,Mumbai Indians,Mumbai Indians,field,normal,0,Mumbai Indians,0,9,SR Tendulkar,M Chinnaswamy Stadium
2011,Chandigarh,4/13/2011,Chennai Super Kings,Kings XI Punjab,Kings XI Punjab,field,normal,0,Kings XI Punjab,0,6,PC Valthaty,"Punjab Cricket Association Stadium, Mohali"
2011,Jaipur,4/15/2011,Rajasthan Royals,Kolkata Knight Riders,Kolkata Knight Riders,field,normal,0,Kolkata Knight Riders,0,9,G Gambhir,Sawai Mansingh Stadium
2011,Chennai,4/16/2011,Chennai Super Kings,Royal Challengers Bangalore,Chennai Super Kings,bat,normal,0,Chennai Super Kings,21,0,MEK Hussey,"MA Chidambaram Stadium, Chepauk"
2011,Kolkata,4/17/2011,Rajasthan Royals,Kolkata Knight Riders,Kolkata Knight Riders,field,normal,0,Kolkata Knight Riders,0,8,L Balaji,Eden Gardens
2011,Chandigarh,4/21/2011,Kings XI Punjab,Rajasthan Royals,Rajasthan Royals,field,normal,0,Kings XI Punjab,48,0,SE Marsh,"Punjab Cricket Association Stadium, Mohali"
2011,Mumbai,4/22/2011,Mumbai Indians,Chennai Super Kings,Chennai Super Kings,field,normal,0,Mumbai Indians,8,0,Harbhajan Singh,Wankhede Stadium
2011,Kolkata,4/22/2011,Kolkata Knight Riders,Royal Challengers Bangalore,Royal Challengers Bangalore,field,normal,0,Royal Challengers Bangalore,0,9,CH Gayle,Eden Gardens
2011,Delhi,4/23/2011,Delhi Daredevils,Kings XI Punjab,Kings XI Punjab,field,normal,0,Delhi Daredevils,29,0,DA Warner,Feroz Shah Kotla
2011,Delhi,4/26/2011,Delhi Daredevils,Royal Challengers Bangalore,Royal Challengers Bangalore,field,normal,0,Royal Challengers Bangalore,0,3,V Kohli,Feroz Shah Kotla
2011,Delhi,4/28/2011,Kolkata Knight Riders,Delhi Daredevils,Delhi Daredevils,field,normal,0,Kolkata Knight Riders,17,0,MK Tiwary,Feroz Shah Kotla
2011,Jaipur,4/29/2011,Mumbai Indians,Rajasthan Royals,Rajasthan Royals,field,normal,0,Rajasthan Royals,0,7,J Botha,Sawai Mansingh Stadium
2011,Kolkata,4/30/2011,Kings XI Punjab,Kolkata Knight Riders,Kolkata Knight Riders,field,normal,0,Kolkata Knight Riders,0,8,Iqbal Abdulla,Eden Gardens
2011,Mumbai,5/2/2011,Mumbai Indians,Kings XI Punjab,Kings XI Punjab,field,normal,0,Mumbai Indians,23,0,KA Pollard,Wankhede Stadium
2011,Chennai,5/4/2011,Rajasthan Royals,Chennai Super Kings,Rajasthan Royals,bat,normal,0,Chennai Super Kings,0,8,MEK Hussey,"MA Chidambaram Stadium, Chepauk"
2011,Bangalore,5/6/2011,Royal Challengers Bangalore,Kings XI Punjab,Kings XI Punjab,field,normal,0,Royal Challengers Bangalore,85,0,CH Gayle,M Chinnaswamy Stadium
2011,Kolkata,5/7/2011,Chennai Super Kings,Kolkata Knight Riders,Chennai Super Kings,bat,normal,1,Kolkata Knight Riders,10,0,Iqbal Abdulla,Eden Gardens
2011,Mumbai,5/7/2011,Mumbai Indians,Delhi Daredevils,Delhi Daredevils,field,normal,0,Mumbai Indians,32,0,AT Rayudu,Wankhede Stadium
2011,Jaipur,5/9/2011,Chennai Super Kings,Rajasthan Royals,Rajasthan Royals,field,normal,0,Chennai Super Kings,63,0,M Vijay,Sawai Mansingh Stadium
2011,Chandigarh,5/10/2011,Kings XI Punjab,Mumbai Indians,Mumbai Indians,field,normal,0,Kings XI Punjab,76,0,BA Bhatt,"Punjab Cricket Association Stadium, Mohali"
2011,Jaipur,5/11/2011,Rajasthan Royals,Royal Challengers Bangalore,Royal Challengers Bangalore,field,normal,0,Royal Challengers Bangalore,0,9,S Aravind,Sawai Mansingh Stadium
2011,Chennai,5/12/2011,Chennai Super Kings,Delhi Daredevils,Chennai Super Kings,bat,normal,0,Chennai Super Kings,18,0,MS Dhoni,"MA Chidambaram Stadium, Chepauk"
2011,Bangalore,5/14/2011,Kolkata Knight Riders,Royal Challengers Bangalore,Royal Challengers Bangalore,field,normal,1,Royal Challengers Bangalore,0,4,CH Gayle,M Chinnaswamy Stadium
2011,Dharamsala,5/15/2011,Kings XI Punjab,Delhi Daredevils,Delhi Daredevils,field,normal,0,Kings XI Punjab,29,0,PP Chawla,Himachal Pradesh Cricket Association Stadium
2011,Dharamsala,5/17/2011,Kings XI Punjab,Royal Challengers Bangalore,Kings XI Punjab,bat,normal,0,Kings XI Punjab,111,0,AC Gilchrist,Himachal Pradesh Cricket Association Stadium
2011,Mumbai,5/20/2011,Mumbai Indians,Rajasthan Royals,Mumbai Indians,bat,normal,0,Rajasthan Royals,0,10,SR Watson,Wankhede Stadium
2011,Bangalore,5/22/2011,Chennai Super Kings,Royal Challengers Bangalore,Royal Challengers Bangalore,field,normal,0,Royal Challengers Bangalore,0,8,CH Gayle,M Chinnaswamy Stadium
2011,Kolkata,5/22/2011,Kolkata Knight Riders,Mumbai Indians,Mumbai Indians,field,normal,0,Mumbai Indians,0,5,JEC Franklin,Eden Gardens
2011,Mumbai,5/24/2011,Royal Challengers Bangalore,Chennai Super Kings,Chennai Super Kings,field,normal,0,Chennai Super Kings,0,6,SK Raina,Wankhede Stadium
2011,Mumbai,5/25/2011,Kolkata Knight Riders,Mumbai Indians,Mumbai Indians,field,normal,0,Mumbai Indians,0,4,MM Patel,Wankhede Stadium
2011,Chennai,5/27/2011,Royal Challengers Bangalore,Mumbai Indians,Mumbai Indians,field,normal,0,Royal Challengers Bangalore,43,0,CH Gayle,"MA Chidambaram Stadium, Chepauk"
2011,Chennai,5/28/2011,Chennai Super Kings,Royal Challengers Bangalore,Chennai Super Kings,bat,normal,0,Chennai Super Kings,58,0,M Vijay,"MA Chidambaram Stadium, Chepauk"
2012,Chennai,4/4/2012,Chennai Super Kings,Mumbai Indians,Mumbai Indians,field,normal,0,Mumbai Indians,0,8,RE Levi,"MA Chidambaram Stadium, Chepauk"
2012,Kolkata,4/5/2012,Kolkata Knight Riders,Delhi Daredevils,Delhi Daredevils,field,normal,0,Delhi Daredevils,0,8,IK Pathan,Eden Gardens
2012,Jaipur,4/6/2012,Rajasthan Royals,Kings XI Punjab,Kings XI Punjab,field,normal,0,Rajasthan Royals,31,0,AM Rahane,Sawai Mansingh Stadium
2012,Bangalore,4/7/2012,Royal Challengers Bangalore,Delhi Daredevils,Delhi Daredevils,field,normal,0,Royal Challengers Bangalore,20,0,AB de Villiers,M Chinnaswamy Stadium
2012,Jaipur,4/8/2012,Rajasthan Royals,Kolkata Knight Riders,Kolkata Knight Riders,field,normal,0,Rajasthan Royals,22,0,BJ Hodge,Sawai Mansingh Stadium
2012,Bangalore,4/10/2012,Kolkata Knight Riders,Royal Challengers Bangalore,Royal Challengers Bangalore,field,normal,0,Kolkata Knight Riders,42,0,L Balaji,M Chinnaswamy Stadium
2012,Delhi,4/10/2012,Chennai Super Kings,Delhi Daredevils,Delhi Daredevils,field,normal,0,Delhi Daredevils,0,8,M Morkel,Feroz Shah Kotla
2012,Mumbai,4/11/2012,Mumbai Indians,Rajasthan Royals,Rajasthan Royals,field,normal,0,Mumbai Indians,27,0,KA Pollard,Wankhede Stadium
2012,Chennai,4/12/2012,Royal Challengers Bangalore,Chennai Super Kings,Royal Challengers Bangalore,bat,normal,0,Chennai Super Kings,0,5,F du Plessis,"MA Chidambaram Stadium, Chepauk"
2012,Kolkata,4/13/2012,Rajasthan Royals,Kolkata Knight Riders,Rajasthan Royals,bat,normal,0,Kolkata Knight Riders,0,5,Shakib Al Hasan,Eden Gardens
2012,Kolkata,4/15/2012,Kings XI Punjab,Kolkata Knight Riders,Kolkata Knight Riders,field,normal,0,Kings XI Punjab,2,0,SP Narine,Eden Gardens
2012,Bangalore,4/15/2012,Rajasthan Royals,Royal Challengers Bangalore,Rajasthan Royals,bat,normal,0,Rajasthan Royals,59,0,AM Rahane,M Chinnaswamy Stadium
2012,Mumbai,4/16/2012,Mumbai Indians,Delhi Daredevils,Delhi Daredevils,field,normal,0,Delhi Daredevils,0,7,S Nadeem,Wankhede Stadium
2012,Chandigarh,4/18/2012,Kings XI Punjab,Kolkata Knight Riders,Kings XI Punjab,bat,normal,0,Kolkata Knight Riders,0,8,G Gambhir,"Punjab Cricket Association Stadium, Mohali"
2012,Chandigarh,4/20/2012,Kings XI Punjab,Royal Challengers Bangalore,Royal Challengers Bangalore,field,normal,0,Royal Challengers Bangalore,0,5,CH Gayle,"Punjab Cricket Association Stadium, Mohali"
2012,Chennai,4/21/2012,Rajasthan Royals,Chennai Super Kings,Rajasthan Royals,bat,normal,0,Chennai Super Kings,0,7,F du Plessis,"MA Chidambaram Stadium, Chepauk"
2012,Mumbai,4/22/2012,Mumbai Indians,Kings XI Punjab,Mumbai Indians,bat,normal,0,Kings XI Punjab,0,6,SE Marsh,Wankhede Stadium
2012,Jaipur,4/23/2012,Royal Challengers Bangalore,Rajasthan Royals,Rajasthan Royals,field,normal,0,Royal Challengers Bangalore,46,0,AB de Villiers,Sawai Mansingh Stadium
2012,Chandigarh,4/25/2012,Kings XI Punjab,Mumbai Indians,Kings XI Punjab,bat,normal,0,Mumbai Indians,0,4,AT Rayudu,"Punjab Cricket Association Stadium, Mohali"
2012,Delhi,4/27/2012,Delhi Daredevils,Mumbai Indians,Mumbai Indians,field,normal,0,Delhi Daredevils,37,0,V Sehwag,Feroz Shah Kotla
2012,Chennai,4/28/2012,Kings XI Punjab,Chennai Super Kings,Kings XI Punjab,bat,normal,0,Kings XI Punjab,7,0,Mandeep Singh,"MA Chidambaram Stadium, Chepauk"
2012,Kolkata,4/28/2012,Kolkata Knight Riders,Royal Challengers Bangalore,Kolkata Knight Riders,bat,normal,0,Kolkata Knight Riders,47,0,G Gambhir,Eden Gardens
2012,Delhi,4/29/2012,Delhi Daredevils,Rajasthan Royals,Delhi Daredevils,bat,normal,0,Delhi Daredevils,1,0,V Sehwag,Feroz Shah Kotla
2012,Chennai,4/30/2012,Chennai Super Kings,Kolkata Knight Riders,Chennai Super Kings,bat,normal,0,Kolkata Knight Riders,0,5,G Gambhir,"MA Chidambaram Stadium, Chepauk"
2012,Jaipur,5/1/2012,Rajasthan Royals,Delhi Daredevils,Rajasthan Royals,bat,normal,0,Delhi Daredevils,0,6,P Negi,Sawai Mansingh Stadium
2012,Bangalore,5/2/2012,Royal Challengers Bangalore,Kings XI Punjab,Kings XI Punjab,field,normal,0,Kings XI Punjab,0,4,Azhar Mahmood,M Chinnaswamy Stadium
2012,Chandigarh,5/5/2012,Rajasthan Royals,Kings XI Punjab,Rajasthan Royals,bat,normal,0,Rajasthan Royals,43,0,SR Watson,"Punjab Cricket Association Stadium, Mohali"
2012,Mumbai,5/6/2012,Chennai Super Kings,Mumbai Indians,Mumbai Indians,field,normal,0,Mumbai Indians,0,2,DR Smith,Wankhede Stadium
2012,Delhi,5/7/2012,Delhi Daredevils,Kolkata Knight Riders,Delhi Daredevils,bat,normal,0,Kolkata Knight Riders,0,6,JH Kallis,Feroz Shah Kotla
2012,Mumbai,5/9/2012,Mumbai Indians,Royal Challengers Bangalore,Royal Challengers Bangalore,field,normal,0,Royal Challengers Bangalore,0,9,CH Gayle,Wankhede Stadium
2012,Jaipur,5/10/2012,Rajasthan Royals,Chennai Super Kings,Chennai Super Kings,field,normal,0,Chennai Super Kings,0,4,BW Hilfenhaus,Sawai Mansingh Stadium
2012,Kolkata,5/12/2012,Mumbai Indians,Kolkata Knight Riders,Mumbai Indians,bat,normal,0,Mumbai Indians,27,0,RG Sharma,Eden Gardens
2012,Chennai,5/12/2012,Delhi Daredevils,Chennai Super Kings,Chennai Super Kings,field,normal,0,Chennai Super Kings,0,9,BW Hilfenhaus,"MA Chidambaram Stadium, Chepauk"
2012,Bangalore,5/14/2012,Royal Challengers Bangalore,Mumbai Indians,Mumbai Indians,field,normal,0,Mumbai Indians,0,5,AT Rayudu,M Chinnaswamy Stadium
2012,Kolkata,5/14/2012,Kolkata Knight Riders,Chennai Super Kings,Chennai Super Kings,field,normal,0,Chennai Super Kings,0,5,MEK Hussey,Eden Gardens
2012,Delhi,5/15/2012,Kings XI Punjab,Delhi Daredevils,Kings XI Punjab,bat,normal,0,Delhi Daredevils,0,5,UT Yadav,Feroz Shah Kotla
2012,Mumbai,5/16/2012,Kolkata Knight Riders,Mumbai Indians,Mumbai Indians,field,normal,0,Kolkata Knight Riders,32,0,SP Narine,Wankhede Stadium
2012,Dharamsala,5/17/2012,Chennai Super Kings,Kings XI Punjab,Kings XI Punjab,field,normal,0,Kings XI Punjab,0,6,AC Gilchrist,Himachal Pradesh Cricket Association Stadium
2012,Delhi,5/17/2012,Royal Challengers Bangalore,Delhi Daredevils,Delhi Daredevils,field,normal,0,Royal Challengers Bangalore,21,0,CH Gayle,Feroz Shah Kotla
2012,Dharamsala,5/19/2012,Kings XI Punjab,Delhi Daredevils,Delhi Daredevils,field,normal,0,Delhi Daredevils,0,6,UT Yadav,Himachal Pradesh Cricket Association Stadium
2012,Jaipur,5/20/2012,Rajasthan Royals,Mumbai Indians,Rajasthan Royals,bat,normal,0,Mumbai Indians,0,10,DR Smith,Sawai Mansingh Stadium
2012,Pune,5/22/2012,Kolkata Knight Riders,Delhi Daredevils,Kolkata Knight Riders,bat,normal,0,Kolkata Knight Riders,18,0,YK Pathan,Subrata Roy Sahara Stadium
2012,Bangalore,5/23/2012,Chennai Super Kings,Mumbai Indians,Mumbai Indians,field,normal,0,Chennai Super Kings,38,0,MS Dhoni,M Chinnaswamy Stadium
2012,Chennai,5/25/2012,Chennai Super Kings,Delhi Daredevils,Delhi Daredevils,field,normal,0,Chennai Super Kings,86,0,M Vijay,"MA Chidambaram Stadium, Chepauk"
2012,Chennai,5/27/2012,Chennai Super Kings,Kolkata Knight Riders,Chennai Super Kings,bat,normal,0,Kolkata Knight Riders,0,5,MS Bisla,"MA Chidambaram Stadium, Chepauk"
2013,Kolkata,4/3/2013,Delhi Daredevils,Kolkata Knight Riders,Kolkata Knight Riders,field,normal,0,Kolkata Knight Riders,0,6,SP Narine,Eden Gardens
2013,Bangalore,4/4/2013,Royal Challengers Bangalore,Mumbai Indians,Mumbai Indians,field,normal,0,Royal Challengers Bangalore,2,0,CH Gayle,M Chinnaswamy Stadium
2013,Delhi,4/6/2013,Rajasthan Royals,Delhi Daredevils,Rajasthan Royals,bat,normal,0,Rajasthan Royals,5,0,R Dravid,Feroz Shah Kotla
2013,Chennai,4/6/2013,Mumbai Indians,Chennai Super Kings,Mumbai Indians,bat,normal,0,Mumbai Indians,9,0,KA Pollard,"MA Chidambaram Stadium, Chepauk"
2013,Hyderabad,4/7/2013,Royal Challengers Bangalore,Sunrisers Hyderabad,Royal Challengers Bangalore,bat,tie,0,Sunrisers Hyderabad,0,0,GH Vihari,"Rajiv Gandhi International Stadium, Uppal"
2013,Jaipur,4/8/2013,Rajasthan Royals,Kolkata Knight Riders,Kolkata Knight Riders,field,normal,0,Rajasthan Royals,19,0,SK Trivedi,Sawai Mansingh Stadium
2013,Mumbai,4/9/2013,Mumbai Indians,Delhi Daredevils,Mumbai Indians,bat,normal,0,Mumbai Indians,44,0,KD Karthik,Wankhede Stadium
2013,Chandigarh,4/10/2013,Kings XI Punjab,Chennai Super Kings,Chennai Super Kings,field,normal,0,Chennai Super Kings,0,10,MEK Hussey,"Punjab Cricket Association Stadium, Mohali"
2013,Bangalore,4/11/2013,Kolkata Knight Riders,Royal Challengers Bangalore,Royal Challengers Bangalore,field,normal,0,Royal Challengers Bangalore,0,8,CH Gayle,M Chinnaswamy Stadium
2013,Delhi,4/12/2013,Delhi Daredevils,Sunrisers Hyderabad,Delhi Daredevils,bat,normal,0,Sunrisers Hyderabad,0,3,A Mishra,Feroz Shah Kotla
2013,Chennai,4/13/2013,Royal Challengers Bangalore,Chennai Super Kings,Chennai Super Kings,field,normal,0,Chennai Super Kings,0,4,RA Jadeja,"MA Chidambaram Stadium, Chepauk"
2013,Kolkata,4/14/2013,Kolkata Knight Riders,Sunrisers Hyderabad,Kolkata Knight Riders,bat,normal,0,Kolkata Knight Riders,48,0,G Gambhir,Eden Gardens
2013,Jaipur,4/14/2013,Kings XI Punjab,Rajasthan Royals,Rajasthan Royals,field,normal,0,Rajasthan Royals,0,6,JP Faulkner,Sawai Mansingh Stadium
2013,Chandigarh,4/16/2013,Kings XI Punjab,Kolkata Knight Riders,Kolkata Knight Riders,field,normal,0,Kings XI Punjab,4,0,MS Gony,"Punjab Cricket Association Stadium, Mohali"
2013,Bangalore,4/16/2013,Delhi Daredevils,Royal Challengers Bangalore,Royal Challengers Bangalore,field,tie,0,Royal Challengers Bangalore,0,0,V Kohli,M Chinnaswamy Stadium
2013,Jaipur,4/17/2013,Rajasthan Royals,Mumbai Indians,Rajasthan Royals,bat,normal,0,Rajasthan Royals,87,0,AM Rahane,Sawai Mansingh Stadium
2013,Delhi,4/18/2013,Chennai Super Kings,Delhi Daredevils,Chennai Super Kings,bat,normal,0,Chennai Super Kings,86,0,MEK Hussey,Feroz Shah Kotla
2013,Hyderabad,4/19/2013,Kings XI Punjab,Sunrisers Hyderabad,Kings XI Punjab,bat,normal,0,Sunrisers Hyderabad,0,5,GH Vihari,"Rajiv Gandhi International Stadium, Uppal"
2013,Kolkata,4/20/2013,Kolkata Knight Riders,Chennai Super Kings,Kolkata Knight Riders,bat,normal,0,Chennai Super Kings,0,4,RA Jadeja,Eden Gardens
2013,Bangalore,4/20/2013,Rajasthan Royals,Royal Challengers Bangalore,Royal Challengers Bangalore,field,normal,0,Royal Challengers Bangalore,0,7,R Vinay Kumar,M Chinnaswamy Stadium
2013,Delhi,4/21/2013,Mumbai Indians,Delhi Daredevils,Mumbai Indians,bat,normal,0,Delhi Daredevils,0,9,V Sehwag,Feroz Shah Kotla
2013,Chennai,4/22/2013,Rajasthan Royals,Chennai Super Kings,Rajasthan Royals,bat,normal,0,Chennai Super Kings,0,5,MEK Hussey,"MA Chidambaram Stadium, Chepauk"
2013,Dharamsala,5/16/2013,Kings XI Punjab,Delhi Daredevils,Delhi Daredevils,field,normal,0,Kings XI Punjab,7,0,DA Miller,Himachal Pradesh Cricket Association Stadium
2013,Kolkata,4/24/2013,Kolkata Knight Riders,Mumbai Indians,Kolkata Knight Riders,bat,normal,0,Mumbai Indians,0,5,DR Smith,Eden Gardens
2013,Chennai,4/25/2013,Sunrisers Hyderabad,Chennai Super Kings,Sunrisers Hyderabad,bat,normal,0,Chennai Super Kings,0,5,MS Dhoni,"MA Chidambaram Stadium, Chepauk"
2013,Kolkata,4/26/2013,Kings XI Punjab,Kolkata Knight Riders,Kings XI Punjab,bat,normal,0,Kolkata Knight Riders,0,6,JH Kallis,Eden Gardens
2013,Jaipur,4/27/2013,Sunrisers Hyderabad,Rajasthan Royals,Sunrisers Hyderabad,bat,normal,0,Rajasthan Royals,0,8,JP Faulkner,Sawai Mansingh Stadium
2013,Mumbai,4/27/2013,Mumbai Indians,Royal Challengers Bangalore,Mumbai Indians,bat,normal,0,Mumbai Indians,58,0,DR Smith,Wankhede Stadium
2013,Chennai,4/28/2013,Chennai Super Kings,Kolkata Knight Riders,Kolkata Knight Riders,field,normal,0,Chennai Super Kings,14,0,MEK Hussey,"MA Chidambaram Stadium, Chepauk"
2013,Jaipur,4/29/2013,Royal Challengers Bangalore,Rajasthan Royals,Rajasthan Royals,field,normal,0,Rajasthan Royals,0,4,SV Samson,Sawai Mansingh Stadium
2013,Mumbai,4/29/2013,Mumbai Indians,Kings XI Punjab,Mumbai Indians,bat,normal,0,Mumbai Indians,4,0,RG Sharma,Wankhede Stadium
2013,Hyderabad,5/1/2013,Mumbai Indians,Sunrisers Hyderabad,Mumbai Indians,bat,normal,0,Sunrisers Hyderabad,0,7,I Sharma,"Rajiv Gandhi International Stadium, Uppal"
2013,Raipur,5/1/2013,Kolkata Knight Riders,Delhi Daredevils,Kolkata Knight Riders,bat,normal,0,Delhi Daredevils,0,7,DA Warner,Shaheed Veer Narayan Singh International Stadium
2013,Chennai,5/2/2013,Chennai Super Kings,Kings XI Punjab,Chennai Super Kings,bat,normal,0,Chennai Super Kings,15,0,SK Raina,"MA Chidambaram Stadium, Chepauk"
2013,Kolkata,5/3/2013,Rajasthan Royals,Kolkata Knight Riders,Rajasthan Royals,bat,normal,0,Kolkata Knight Riders,0,8,YK Pathan,Eden Gardens
2013,Hyderabad,5/4/2013,Delhi Daredevils,Sunrisers Hyderabad,Delhi Daredevils,bat,normal,0,Sunrisers Hyderabad,0,6,DJG Sammy,"Rajiv Gandhi International Stadium, Uppal"
2013,Bangalore,5/14/2013,Royal Challengers Bangalore,Kings XI Punjab,Kings XI Punjab,field,normal,0,Kings XI Punjab,0,7,AC Gilchrist,M Chinnaswamy Stadium
2013,Mumbai,5/5/2013,Mumbai Indians,Chennai Super Kings,Mumbai Indians,bat,normal,0,Mumbai Indians,60,0,MG Johnson,Wankhede Stadium
2013,Bangalore,4/9/2013,Sunrisers Hyderabad,Royal Challengers Bangalore,Sunrisers Hyderabad,bat,normal,0,Royal Challengers Bangalore,0,7,V Kohli,M Chinnaswamy Stadium
2013,Jaipur,5/7/2013,Delhi Daredevils,Rajasthan Royals,Delhi Daredevils,bat,normal,0,Rajasthan Royals,0,9,AM Rahane,Sawai Mansingh Stadium
2013,Mumbai,5/7/2013,Mumbai Indians,Kolkata Knight Riders,Mumbai Indians,bat,normal,0,Mumbai Indians,65,0,SR Tendulkar,Wankhede Stadium
2013,Hyderabad,5/8/2013,Chennai Super Kings,Sunrisers Hyderabad,Sunrisers Hyderabad,field,normal,0,Chennai Super Kings,77,0,SK Raina,"Rajiv Gandhi International Stadium, Uppal"
2013,Chandigarh,5/9/2013,Kings XI Punjab,Rajasthan Royals,Rajasthan Royals,field,normal,0,Rajasthan Royals,0,8,KK Cooper,"Punjab Cricket Association Stadium, Mohali"
2013,Delhi,5/10/2013,Royal Challengers Bangalore,Delhi Daredevils,Delhi Daredevils,field,normal,0,Royal Challengers Bangalore,4,0,JD Unadkat,Feroz Shah Kotla
2013,Chandigarh,5/11/2013,Sunrisers Hyderabad,Kings XI Punjab,Kings XI Punjab,field,normal,0,Sunrisers Hyderabad,30,0,PA Patel,"Punjab Cricket Association Stadium, Mohali"
2013,Ranchi,5/12/2013,Royal Challengers Bangalore,Kolkata Knight Riders,Kolkata Knight Riders,field,normal,0,Kolkata Knight Riders,0,5,JH Kallis,JSCA International Stadium Complex
2013,Jaipur,5/12/2013,Chennai Super Kings,Rajasthan Royals,Rajasthan Royals,field,normal,0,Rajasthan Royals,0,5,SR Watson,Sawai Mansingh Stadium
2013,Delhi,4/23/2013,Delhi Daredevils,Kings XI Punjab,Kings XI Punjab,field,normal,0,Kings XI Punjab,0,5,Harmeet Singh,Feroz Shah Kotla
2013,Mumbai,5/13/2013,Sunrisers Hyderabad,Mumbai Indians,Sunrisers Hyderabad,bat,normal,0,Mumbai Indians,0,7,KA Pollard,Wankhede Stadium
2013,Chennai,5/14/2013,Chennai Super Kings,Delhi Daredevils,Chennai Super Kings,bat,normal,0,Chennai Super Kings,33,0,MS Dhoni,"MA Chidambaram Stadium, Chepauk"
2013,Mumbai,5/15/2013,Mumbai Indians,Rajasthan Royals,Rajasthan Royals,field,normal,0,Mumbai Indians,14,0,AP Tare,Wankhede Stadium
2013,Chandigarh,5/6/2013,Royal Challengers Bangalore,Kings XI Punjab,Kings XI Punjab,field,normal,0,Kings XI Punjab,0,6,DA Miller,"Punjab Cricket Association Stadium, Mohali"
2013,Hyderabad,5/17/2013,Sunrisers Hyderabad,Rajasthan Royals,Sunrisers Hyderabad,bat,normal,0,Sunrisers Hyderabad,23,0,A Mishra,"Rajiv Gandhi International Stadium, Uppal"
2013,Dharamsala,5/18/2013,Kings XI Punjab,Mumbai Indians,Mumbai Indians,field,normal,0,Kings XI Punjab,50,0,Azhar Mahmood,Himachal Pradesh Cricket Association Stadium
2013,Bangalore,5/18/2013,Royal Challengers Bangalore,Chennai Super Kings,Chennai Super Kings,field,normal,0,Royal Challengers Bangalore,24,0,V Kohli,M Chinnaswamy Stadium
2013,Hyderabad,5/19/2013,Kolkata Knight Riders,Sunrisers Hyderabad,Kolkata Knight Riders,bat,normal,0,Sunrisers Hyderabad,0,5,PA Patel,"Rajiv Gandhi International Stadium, Uppal"
2013,Delhi,5/21/2013,Chennai Super Kings,Mumbai Indians,Chennai Super Kings,bat,normal,0,Chennai Super Kings,48,0,MEK Hussey,Feroz Shah Kotla
2013,Delhi,5/22/2013,Sunrisers Hyderabad,Rajasthan Royals,Sunrisers Hyderabad,bat,normal,0,Rajasthan Royals,0,4,BJ Hodge,Feroz Shah Kotla
2013,Kolkata,5/24/2013,Rajasthan Royals,Mumbai Indians,Rajasthan Royals,bat,normal,0,Mumbai Indians,0,4,Harbhajan Singh,Eden Gardens
2013,Kolkata,5/26/2013,Mumbai Indians,Chennai Super Kings,Mumbai Indians,bat,normal,0,Mumbai Indians,23,0,KA Pollard,Eden Gardens
2014,Abu Dhabi,4/16/2014,Kolkata Knight Riders,Mumbai Indians,Kolkata Knight Riders,bat,normal,0,Kolkata Knight Riders,41,0,JH Kallis,Sheikh Zayed Stadium
2014,Sharjah,4/17/2014,Delhi Daredevils,Royal Challengers Bangalore,Royal Challengers Bangalore,field,normal,0,Royal Challengers Bangalore,0,8,YS Chahal,Sharjah Cricket Stadium
2014,Abu Dhabi,4/18/2014,Chennai Super Kings,Kings XI Punjab,Chennai Super Kings,bat,normal,0,Kings XI Punjab,0,6,GJ Maxwell,Sheikh Zayed Stadium
2014,Abu Dhabi,4/18/2014,Sunrisers Hyderabad,Rajasthan Royals,Rajasthan Royals,field,normal,0,Rajasthan Royals,0,4,AM Rahane,Sheikh Zayed Stadium
2014,,4/19/2014,Mumbai Indians,Royal Challengers Bangalore,Royal Challengers Bangalore,field,normal,0,Royal Challengers Bangalore,0,7,PA Patel,Dubai International Cricket Stadium
2014,,4/19/2014,Kolkata Knight Riders,Delhi Daredevils,Kolkata Knight Riders,bat,normal,0,Delhi Daredevils,0,4,JP Duminy,Dubai International Cricket Stadium
2014,Sharjah,4/20/2014,Rajasthan Royals,Kings XI Punjab,Kings XI Punjab,field,normal,0,Kings XI Punjab,0,7,GJ Maxwell,Sharjah Cricket Stadium
2014,Abu Dhabi,4/21/2014,Chennai Super Kings,Delhi Daredevils,Chennai Super Kings,bat,normal,0,Chennai Super Kings,93,0,SK Raina,Sheikh Zayed Stadium
2014,Sharjah,4/22/2014,Kings XI Punjab,Sunrisers Hyderabad,Sunrisers Hyderabad,field,normal,0,Kings XI Punjab,72,0,GJ Maxwell,Sharjah Cricket Stadium
2014,,4/23/2014,Chennai Super Kings,Rajasthan Royals,Rajasthan Royals,field,normal,0,Chennai Super Kings,7,0,RA Jadeja,Dubai International Cricket Stadium
2014,Sharjah,4/24/2014,Kolkata Knight Riders,Royal Challengers Bangalore,Royal Challengers Bangalore,field,normal,0,Kolkata Knight Riders,2,0,CA Lynn,Sharjah Cricket Stadium
2014,,4/25/2014,Sunrisers Hyderabad,Delhi Daredevils,Sunrisers Hyderabad,bat,normal,0,Sunrisers Hyderabad,4,0,AJ Finch,Dubai International Cricket Stadium
2014,,4/25/2014,Mumbai Indians,Chennai Super Kings,Mumbai Indians,bat,normal,0,Chennai Super Kings,0,7,MM Sharma,Dubai International Cricket Stadium
2014,Abu Dhabi,4/26/2014,Royal Challengers Bangalore,Rajasthan Royals,Rajasthan Royals,field,normal,0,Rajasthan Royals,0,6,PV Tambe,Sheikh Zayed Stadium
2014,Abu Dhabi,4/26/2014,Kings XI Punjab,Kolkata Knight Riders,Kolkata Knight Riders,field,normal,0,Kings XI Punjab,23,0,Sandeep Sharma,Sheikh Zayed Stadium
2014,Sharjah,4/27/2014,Mumbai Indians,Delhi Daredevils,Mumbai Indians,bat,normal,0,Delhi Daredevils,0,6,M Vijay,Sharjah Cricket Stadium
2014,Sharjah,4/27/2014,Sunrisers Hyderabad,Chennai Super Kings,Sunrisers Hyderabad,bat,normal,0,Chennai Super Kings,0,5,DR Smith,Sharjah Cricket Stadium
2014,,4/28/2014,Royal Challengers Bangalore,Kings XI Punjab,Kings XI Punjab,field,normal,0,Kings XI Punjab,0,5,Sandeep Sharma,Dubai International Cricket Stadium
2014,Abu Dhabi,4/29/2014,Rajasthan Royals,Kolkata Knight Riders,Rajasthan Royals,bat,tie,0,Rajasthan Royals,0,0,JP Faulkner,Sheikh Zayed Stadium
2014,,4/30/2014,Sunrisers Hyderabad,Mumbai Indians,Mumbai Indians,field,normal,0,Sunrisers Hyderabad,15,0,B Kumar,Dubai International Cricket Stadium
2014,Ranchi,5/2/2014,Chennai Super Kings,Kolkata Knight Riders,Chennai Super Kings,bat,normal,0,Chennai Super Kings,34,0,RA Jadeja,JSCA International Stadium Complex
2014,Mumbai,5/3/2014,Kings XI Punjab,Mumbai Indians,Kings XI Punjab,bat,normal,0,Mumbai Indians,0,5,CJ Anderson,Wankhede Stadium
2014,Delhi,5/3/2014,Delhi Daredevils,Rajasthan Royals,Rajasthan Royals,field,normal,0,Rajasthan Royals,0,7,KK Nair,Feroz Shah Kotla
2014,Bangalore,5/4/2014,Sunrisers Hyderabad,Royal Challengers Bangalore,Royal Challengers Bangalore,field,normal,0,Royal Challengers Bangalore,0,4,AB de Villiers,M Chinnaswamy Stadium
2014,Ahmedabad,5/5/2014,Rajasthan Royals,Kolkata Knight Riders,Kolkata Knight Riders,field,normal,0,Rajasthan Royals,10,0,PV Tambe,"Sardar Patel Stadium, Motera"
2014,Delhi,5/5/2014,Delhi Daredevils,Chennai Super Kings,Chennai Super Kings,field,normal,0,Chennai Super Kings,0,8,DR Smith,Feroz Shah Kotla
2014,Mumbai,5/6/2014,Mumbai Indians,Royal Challengers Bangalore,Royal Challengers Bangalore,field,normal,0,Mumbai Indians,19,0,RG Sharma,Wankhede Stadium
2014,Delhi,5/7/2014,Delhi Daredevils,Kolkata Knight Riders,Delhi Daredevils,bat,normal,0,Kolkata Knight Riders,0,8,G Gambhir,Feroz Shah Kotla
2014,Cuttack,5/7/2014,Kings XI Punjab,Chennai Super Kings,Chennai Super Kings,field,normal,0,Kings XI Punjab,44,0,GJ Maxwell,Barabati Stadium
2014,Ahmedabad,5/8/2014,Sunrisers Hyderabad,Rajasthan Royals,Rajasthan Royals,field,normal,0,Sunrisers Hyderabad,32,0,B Kumar,"Sardar Patel Stadium, Motera"
2014,Bangalore,5/9/2014,Kings XI Punjab,Royal Challengers Bangalore,Royal Challengers Bangalore,field,normal,0,Kings XI Punjab,32,0,Sandeep Sharma,M Chinnaswamy Stadium
2014,Delhi,5/10/2014,Delhi Daredevils,Sunrisers Hyderabad,Sunrisers Hyderabad,field,normal,1,Sunrisers Hyderabad,0,8,DW Steyn,Feroz Shah Kotla
2014,Mumbai,5/10/2014,Mumbai Indians,Chennai Super Kings,Chennai Super Kings,field,normal,0,Chennai Super Kings,0,4,DR Smith,Wankhede Stadium
2014,Cuttack,5/11/2014,Kings XI Punjab,Kolkata Knight Riders,Kolkata Knight Riders,field,normal,0,Kolkata Knight Riders,0,9,G Gambhir,Barabati Stadium
2014,Bangalore,5/11/2014,Royal Challengers Bangalore,Rajasthan Royals,Royal Challengers Bangalore,bat,normal,0,Rajasthan Royals,0,5,JP Faulkner,M Chinnaswamy Stadium
2014,Hyderabad,5/12/2014,Sunrisers Hyderabad,Mumbai Indians,Sunrisers Hyderabad,bat,normal,0,Mumbai Indians,0,7,AT Rayudu,"Rajiv Gandhi International Stadium, Uppal"
2014,Ranchi,5/13/2014,Rajasthan Royals,Chennai Super Kings,Rajasthan Royals,bat,normal,0,Chennai Super Kings,0,5,RA Jadeja,JSCA International Stadium Complex
2014,Bangalore,5/13/2014,Royal Challengers Bangalore,Delhi Daredevils,Delhi Daredevils,field,normal,0,Royal Challengers Bangalore,16,0,Yuvraj Singh,M Chinnaswamy Stadium
2014,Hyderabad,5/14/2014,Sunrisers Hyderabad,Kings XI Punjab,Kings XI Punjab,field,normal,0,Kings XI Punjab,0,6,WP Saha,"Rajiv Gandhi International Stadium, Uppal"
2014,Cuttack,5/14/2014,Mumbai Indians,Kolkata Knight Riders,Kolkata Knight Riders,field,normal,0,Kolkata Knight Riders,0,6,RV Uthappa,Barabati Stadium
2014,Ahmedabad,5/15/2014,Rajasthan Royals,Delhi Daredevils,Delhi Daredevils,field,normal,0,Rajasthan Royals,62,0,AM Rahane,"Sardar Patel Stadium, Motera"
2014,Ranchi,5/18/2014,Chennai Super Kings,Royal Challengers Bangalore,Chennai Super Kings,bat,normal,0,Royal Challengers Bangalore,0,5,AB de Villiers,JSCA International Stadium Complex
2014,Hyderabad,5/18/2014,Sunrisers Hyderabad,Kolkata Knight Riders,Sunrisers Hyderabad,bat,normal,0,Kolkata Knight Riders,0,7,UT Yadav,"Rajiv Gandhi International Stadium, Uppal"
2014,Ahmedabad,5/19/2014,Mumbai Indians,Rajasthan Royals,Mumbai Indians,bat,normal,0,Mumbai Indians,25,0,MEK Hussey,"Sardar Patel Stadium, Motera"
2014,Delhi,5/19/2014,Delhi Daredevils,Kings XI Punjab,Kings XI Punjab,field,normal,0,Kings XI Punjab,0,4,AR Patel,Feroz Shah Kotla
2014,Hyderabad,5/20/2014,Royal Challengers Bangalore,Sunrisers Hyderabad,Royal Challengers Bangalore,bat,normal,0,Sunrisers Hyderabad,0,7,DA Warner,"Rajiv Gandhi International Stadium, Uppal"
2014,Kolkata,5/20/2014,Chennai Super Kings,Kolkata Knight Riders,Kolkata Knight Riders,field,normal,0,Kolkata Knight Riders,0,8,RV Uthappa,Eden Gardens
2014,Chandigarh,5/21/2014,Kings XI Punjab,Mumbai Indians,Mumbai Indians,field,normal,0,Mumbai Indians,0,7,LMP Simmons,"Punjab Cricket Association Stadium, Mohali"
2014,Kolkata,5/22/2014,Kolkata Knight Riders,Royal Challengers Bangalore,Royal Challengers Bangalore,field,normal,0,Kolkata Knight Riders,30,0,RV Uthappa,Eden Gardens
2014,Ranchi,5/22/2014,Chennai Super Kings,Sunrisers Hyderabad,Sunrisers Hyderabad,field,normal,0,Sunrisers Hyderabad,0,6,DA Warner,JSCA International Stadium Complex
2014,Mumbai,5/23/2014,Mumbai Indians,Delhi Daredevils,Delhi Daredevils,field,normal,0,Mumbai Indians,15,0,MEK Hussey,Wankhede Stadium
2014,Chandigarh,5/23/2014,Kings XI Punjab,Rajasthan Royals,Rajasthan Royals,field,normal,0,Kings XI Punjab,16,0,SE Marsh,"Punjab Cricket Association Stadium, Mohali"
2014,Bangalore,5/24/2014,Royal Challengers Bangalore,Chennai Super Kings,Chennai Super Kings,field,normal,0,Chennai Super Kings,0,8,MS Dhoni,M Chinnaswamy Stadium
2014,Kolkata,5/24/2014,Sunrisers Hyderabad,Kolkata Knight Riders,Kolkata Knight Riders,field,normal,0,Kolkata Knight Riders,0,4,YK Pathan,Eden Gardens
2014,Chandigarh,5/25/2014,Delhi Daredevils,Kings XI Punjab,Kings XI Punjab,field,normal,0,Kings XI Punjab,0,7,M Vohra,"Punjab Cricket Association Stadium, Mohali"
2014,Mumbai,5/25/2014,Rajasthan Royals,Mumbai Indians,Mumbai Indians,field,normal,0,Mumbai Indians,0,5,CJ Anderson,Wankhede Stadium
2014,Kolkata,5/27/2014,Kolkata Knight Riders,Kings XI Punjab,Kings XI Punjab,field,normal,0,Kolkata Knight Riders,28,0,UT Yadav,Eden Gardens
2014,Mumbai,5/28/2014,Mumbai Indians,Chennai Super Kings,Chennai Super Kings,field,normal,0,Chennai Super Kings,0,7,SK Raina,Brabourne Stadium
2014,Mumbai,5/30/2014,Kings XI Punjab,Chennai Super Kings,Chennai Super Kings,field,normal,0,Kings XI Punjab,24,0,V Sehwag,Wankhede Stadium
2014,Bangalore,6/1/2014,Kings XI Punjab,Kolkata Knight Riders,Kolkata Knight Riders,field,normal,0,Kolkata Knight Riders,0,3,MK Pandey,M Chinnaswamy Stadium
2015,Kolkata,4/8/2015,Mumbai Indians,Kolkata Knight Riders,Kolkata Knight Riders,field,normal,0,Kolkata Knight Riders,0,7,M Morkel,Eden Gardens
2015,Chennai,4/9/2015,Chennai Super Kings,Delhi Daredevils,Delhi Daredevils,field,normal,0,Chennai Super Kings,1,0,A Nehra,"MA Chidambaram Stadium, Chepauk"
2015,Pune,4/10/2015,Rajasthan Royals,Kings XI Punjab,Kings XI Punjab,field,normal,0,Rajasthan Royals,26,0,JP Faulkner,Maharashtra Cricket Association Stadium
2015,Chennai,4/11/2015,Chennai Super Kings,Sunrisers Hyderabad,Chennai Super Kings,bat,normal,0,Chennai Super Kings,45,0,BB McCullum,"MA Chidambaram Stadium, Chepauk"
2015,Kolkata,4/11/2015,Kolkata Knight Riders,Royal Challengers Bangalore,Royal Challengers Bangalore,field,normal,0,Royal Challengers Bangalore,0,3,CH Gayle,Eden Gardens
2015,Delhi,4/12/2015,Delhi Daredevils,Rajasthan Royals,Rajasthan Royals,field,normal,0,Rajasthan Royals,0,3,DJ Hooda,Feroz Shah Kotla
2015,Mumbai,4/12/2015,Kings XI Punjab,Mumbai Indians,Mumbai Indians,field,normal,0,Kings XI Punjab,18,0,GJ Bailey,Wankhede Stadium
2015,Bangalore,4/13/2015,Royal Challengers Bangalore,Sunrisers Hyderabad,Sunrisers Hyderabad,field,normal,0,Sunrisers Hyderabad,0,8,DA Warner,M Chinnaswamy Stadium
2015,Ahmedabad,4/14/2015,Mumbai Indians,Rajasthan Royals,Mumbai Indians,bat,normal,0,Rajasthan Royals,0,7,SPD Smith,"Sardar Patel Stadium, Motera"
2015,Kolkata,4/30/2015,Chennai Super Kings,Kolkata Knight Riders,Kolkata Knight Riders,field,normal,0,Kolkata Knight Riders,0,7,AD Russell,Eden Gardens
2015,Pune,4/15/2015,Kings XI Punjab,Delhi Daredevils,Kings XI Punjab,bat,normal,0,Delhi Daredevils,0,5,MA Agarwal,Maharashtra Cricket Association Stadium
2015,Visakhapatnam,4/16/2015,Sunrisers Hyderabad,Rajasthan Royals,Rajasthan Royals,field,normal,0,Rajasthan Royals,0,6,AM Rahane,Dr. Y.S. Rajasekhara Reddy ACA-VDCA Cricket Stadium
2015,Mumbai,4/17/2015,Mumbai Indians,Chennai Super Kings,Mumbai Indians,bat,normal,0,Chennai Super Kings,0,6,A Nehra,Wankhede Stadium
2015,Visakhapatnam,4/18/2015,Delhi Daredevils,Sunrisers Hyderabad,Delhi Daredevils,bat,normal,0,Delhi Daredevils,4,0,JP Duminy,Dr. Y.S. Rajasekhara Reddy ACA-VDCA Cricket Stadium
2015,Pune,4/18/2015,Kings XI Punjab,Kolkata Knight Riders,Kolkata Knight Riders,field,normal,0,Kolkata Knight Riders,0,4,AD Russell,Maharashtra Cricket Association Stadium
2015,Ahmedabad,4/19/2015,Chennai Super Kings,Rajasthan Royals,Chennai Super Kings,bat,normal,0,Rajasthan Royals,0,8,AM Rahane,"Sardar Patel Stadium, Motera"
2015,Bangalore,4/19/2015,Mumbai Indians,Royal Challengers Bangalore,Royal Challengers Bangalore,field,normal,0,Mumbai Indians,18,0,Harbhajan Singh,M Chinnaswamy Stadium
2015,Delhi,4/20/2015,Delhi Daredevils,Kolkata Knight Riders,Kolkata Knight Riders,field,normal,0,Kolkata Knight Riders,0,6,UT Yadav,Feroz Shah Kotla
2015,Ahmedabad,4/21/2015,Rajasthan Royals,Kings XI Punjab,Kings XI Punjab,field,tie,0,Kings XI Punjab,0,0,SE Marsh,"Sardar Patel Stadium, Motera"
2015,Visakhapatnam,4/22/2015,Sunrisers Hyderabad,Kolkata Knight Riders,Kolkata Knight Riders,field,normal,1,Sunrisers Hyderabad,16,0,DA Warner,Dr. Y.S. Rajasekhara Reddy ACA-VDCA Cricket Stadium
2015,Bangalore,4/22/2015,Chennai Super Kings,Royal Challengers Bangalore,Royal Challengers Bangalore,field,normal,0,Chennai Super Kings,27,0,SK Raina,M Chinnaswamy Stadium
2015,Delhi,4/23/2015,Delhi Daredevils,Mumbai Indians,Mumbai Indians,field,normal,0,Delhi Daredevils,37,0,SS Iyer,Feroz Shah Kotla
2015,Ahmedabad,4/24/2015,Rajasthan Royals,Royal Challengers Bangalore,Royal Challengers Bangalore,field,normal,0,Royal Challengers Bangalore,0,9,MA Starc,"Sardar Patel Stadium, Motera"
2015,Mumbai,4/25/2015,Mumbai Indians,Sunrisers Hyderabad,Mumbai Indians,bat,normal,0,Mumbai Indians,20,0,SL Malinga,Wankhede Stadium
2015,Chennai,4/25/2015,Chennai Super Kings,Kings XI Punjab,Chennai Super Kings,bat,normal,0,Chennai Super Kings,97,0,BB McCullum,"MA Chidambaram Stadium, Chepauk"
2015,Delhi,4/26/2015,Delhi Daredevils,Royal Challengers Bangalore,Royal Challengers Bangalore,field,normal,0,Royal Challengers Bangalore,0,10,VR Aaron,Feroz Shah Kotla
2015,Chandigarh,4/27/2015,Sunrisers Hyderabad,Kings XI Punjab,Kings XI Punjab,field,normal,0,Sunrisers Hyderabad,20,0,TA Boult,"Punjab Cricket Association Stadium, Mohali"
2015,Kolkata,5/7/2015,Kolkata Knight Riders,Delhi Daredevils,Kolkata Knight Riders,bat,normal,0,Kolkata Knight Riders,13,0,PP Chawla,Eden Gardens
2015,Bangalore,4/29/2015,Royal Challengers Bangalore,Rajasthan Royals,Rajasthan Royals,field,no result,0,,0,0,,M Chinnaswamy Stadium
2015,Chennai,4/28/2015,Chennai Super Kings,Kolkata Knight Riders,Kolkata Knight Riders,field,normal,0,Chennai Super Kings,2,0,DJ Bravo,"MA Chidambaram Stadium, Chepauk"
2015,Delhi,5/1/2015,Kings XI Punjab,Delhi Daredevils,Delhi Daredevils,field,normal,0,Delhi Daredevils,0,9,NM Coulter-Nile,Feroz Shah Kotla
2015,Mumbai,5/1/2015,Mumbai Indians,Rajasthan Royals,Rajasthan Royals,field,normal,0,Mumbai Indians,8,0,AT Rayudu,Wankhede Stadium
2015,Bangalore,5/2/2015,Kolkata Knight Riders,Royal Challengers Bangalore,Royal Challengers Bangalore,field,normal,0,Royal Challengers Bangalore,0,7,Mandeep Singh,M Chinnaswamy Stadium
2015,Hyderabad,5/2/2015,Sunrisers Hyderabad,Chennai Super Kings,Chennai Super Kings,field,normal,0,Sunrisers Hyderabad,22,0,DA Warner,"Rajiv Gandhi International Stadium, Uppal"
2015,Chandigarh,5/3/2015,Mumbai Indians,Kings XI Punjab,Mumbai Indians,bat,normal,0,Mumbai Indians,23,0,LMP Simmons,"Punjab Cricket Association Stadium, Mohali"
2015,Mumbai,5/3/2015,Rajasthan Royals,Delhi Daredevils,Delhi Daredevils,field,normal,0,Rajasthan Royals,14,0,AM Rahane,Brabourne Stadium
2015,Chennai,5/4/2015,Chennai Super Kings,Royal Challengers Bangalore,Chennai Super Kings,bat,normal,0,Chennai Super Kings,24,0,SK Raina,"MA Chidambaram Stadium, Chepauk"
2015,Kolkata,5/4/2015,Kolkata Knight Riders,Sunrisers Hyderabad,Sunrisers Hyderabad,field,normal,0,Kolkata Knight Riders,35,0,UT Yadav,Eden Gardens
2015,Mumbai,5/5/2015,Delhi Daredevils,Mumbai Indians,Delhi Daredevils,bat,normal,0,Mumbai Indians,0,5,Harbhajan Singh,Wankhede Stadium
2015,Bangalore,5/6/2015,Royal Challengers Bangalore,Kings XI Punjab,Kings XI Punjab,field,normal,0,Royal Challengers Bangalore,138,0,CH Gayle,M Chinnaswamy Stadium
2015,Mumbai,5/7/2015,Sunrisers Hyderabad,Rajasthan Royals,Rajasthan Royals,field,normal,0,Sunrisers Hyderabad,7,0,EJG Morgan,Brabourne Stadium
2015,Chennai,5/8/2015,Chennai Super Kings,Mumbai Indians,Chennai Super Kings,bat,normal,0,Mumbai Indians,0,6,HH Pandya,"MA Chidambaram Stadium, Chepauk"
2015,Kolkata,5/9/2015,Kings XI Punjab,Kolkata Knight Riders,Kings XI Punjab,bat,normal,0,Kolkata Knight Riders,0,1,AD Russell,Eden Gardens
2015,Raipur,5/9/2015,Sunrisers Hyderabad,Delhi Daredevils,Sunrisers Hyderabad,bat,normal,0,Sunrisers Hyderabad,6,0,MC Henriques,Shaheed Veer Narayan Singh International Stadium
2015,Mumbai,5/10/2015,Royal Challengers Bangalore,Mumbai Indians,Royal Challengers Bangalore,bat,normal,0,Royal Challengers Bangalore,39,0,AB de Villiers,Wankhede Stadium
2015,Chennai,5/10/2015,Chennai Super Kings,Rajasthan Royals,Chennai Super Kings,bat,normal,0,Chennai Super Kings,12,0,RA Jadeja,"MA Chidambaram Stadium, Chepauk"
2015,Hyderabad,5/11/2015,Sunrisers Hyderabad,Kings XI Punjab,Sunrisers Hyderabad,bat,normal,0,Sunrisers Hyderabad,5,0,DA Warner,"Rajiv Gandhi International Stadium, Uppal"
2015,Raipur,5/12/2015,Chennai Super Kings,Delhi Daredevils,Chennai Super Kings,bat,normal,0,Delhi Daredevils,0,6,Z Khan,Shaheed Veer Narayan Singh International Stadium
2015,Chandigarh,5/13/2015,Kings XI Punjab,Royal Challengers Bangalore,Royal Challengers Bangalore,field,normal,0,Kings XI Punjab,22,0,AR Patel,"Punjab Cricket Association Stadium, Mohali"
2015,Mumbai,5/14/2015,Mumbai Indians,Kolkata Knight Riders,Kolkata Knight Riders,field,normal,0,Mumbai Indians,5,0,HH Pandya,Wankhede Stadium
2015,Hyderabad,5/15/2015,Sunrisers Hyderabad,Royal Challengers Bangalore,Sunrisers Hyderabad,bat,normal,1,Royal Challengers Bangalore,0,6,V Kohli,"Rajiv Gandhi International Stadium, Uppal"
2015,Chandigarh,5/16/2015,Kings XI Punjab,Chennai Super Kings,Kings XI Punjab,bat,normal,0,Chennai Super Kings,0,7,P Negi,"Punjab Cricket Association Stadium, Mohali"
2015,Mumbai,5/16/2015,Rajasthan Royals,Kolkata Knight Riders,Rajasthan Royals,bat,normal,0,Rajasthan Royals,9,0,SR Watson,Brabourne Stadium
2015,Bangalore,5/17/2015,Delhi Daredevils,Royal Challengers Bangalore,Royal Challengers Bangalore,field,no result,0,,0,0,,M Chinnaswamy Stadium
2015,Hyderabad,5/17/2015,Sunrisers Hyderabad,Mumbai Indians,Sunrisers Hyderabad,bat,normal,0,Mumbai Indians,0,9,MJ McClenaghan,"Rajiv Gandhi International Stadium, Uppal"
2015,Mumbai,5/19/2015,Mumbai Indians,Chennai Super Kings,Mumbai Indians,bat,normal,0,Mumbai Indians,25,0,KA Pollard,Wankhede Stadium
2015,Pune,5/20/2015,Royal Challengers Bangalore,Rajasthan Royals,Royal Challengers Bangalore,bat,normal,0,Royal Challengers Bangalore,71,0,AB de Villiers,Maharashtra Cricket Association Stadium
2015,Ranchi,5/22/2015,Royal Challengers Bangalore,Chennai Super Kings,Chennai Super Kings,field,normal,0,Chennai Super Kings,0,3,A Nehra,JSCA International Stadium Complex
2015,Kolkata,5/24/2015,Mumbai Indians,Chennai Super Kings,Chennai Super Kings,field,normal,0,Mumbai Indians,41,0,RG Sharma,Eden Gardens
2016,Kolkata,4/10/2016,Delhi Daredevils,Kolkata Knight Riders,Kolkata Knight Riders,field,normal,0,Kolkata Knight Riders,0,9,AD Russell,Eden Gardens
2016,Bangalore,4/12/2016,Royal Challengers Bangalore,Sunrisers Hyderabad,Sunrisers Hyderabad,field,normal,0,Royal Challengers Bangalore,45,0,AB de Villiers,M Chinnaswamy Stadium
2016,Kolkata,4/13/2016,Kolkata Knight Riders,Mumbai Indians,Mumbai Indians,field,normal,0,Mumbai Indians,0,6,RG Sharma,Eden Gardens
2016,Delhi,4/15/2016,Kings XI Punjab,Delhi Daredevils,Delhi Daredevils,field,normal,0,Delhi Daredevils,0,8,A Mishra,Feroz Shah Kotla
2016,Hyderabad,4/16/2016,Sunrisers Hyderabad,Kolkata Knight Riders,Sunrisers Hyderabad,bat,normal,0,Kolkata Knight Riders,0,8,G Gambhir,"Rajiv Gandhi International Stadium, Uppal"
2016,Bangalore,4/17/2016,Royal Challengers Bangalore,Delhi Daredevils,Delhi Daredevils,field,normal,0,Delhi Daredevils,0,7,Q de Kock,M Chinnaswamy Stadium
2016,Hyderabad,4/18/2016,Mumbai Indians,Sunrisers Hyderabad,Sunrisers Hyderabad,field,normal,0,Sunrisers Hyderabad,0,7,DA Warner,"Rajiv Gandhi International Stadium, Uppal"
2016,Chandigarh,4/19/2016,Kings XI Punjab,Kolkata Knight Riders,Kolkata Knight Riders,field,normal,0,Kolkata Knight Riders,0,6,RV Uthappa,"Punjab Cricket Association IS Bindra Stadium, Mohali"
2016,Mumbai,4/20/2016,Royal Challengers Bangalore,Mumbai Indians,Mumbai Indians,field,normal,0,Mumbai Indians,0,6,RG Sharma,Wankhede Stadium
2016,Delhi,4/23/2016,Delhi Daredevils,Mumbai Indians,Mumbai Indians,field,normal,0,Delhi Daredevils,10,0,SV Samson,Feroz Shah Kotla
2016,Hyderabad,4/23/2016,Kings XI Punjab,Sunrisers Hyderabad,Sunrisers Hyderabad,field,normal,0,Sunrisers Hyderabad,0,5,Mustafizur Rahman,"Rajiv Gandhi International Stadium, Uppal"
2016,Chandigarh,4/25/2016,Mumbai Indians,Kings XI Punjab,Kings XI Punjab,field,normal,0,Mumbai Indians,25,0,PA Patel,"Punjab Cricket Association IS Bindra Stadium, Mohali"
2016,Mumbai,4/28/2016,Kolkata Knight Riders,Mumbai Indians,Mumbai Indians,field,normal,0,Mumbai Indians,0,6,RG Sharma,Wankhede Stadium
2016,Delhi,4/30/2016,Delhi Daredevils,Kolkata Knight Riders,Kolkata Knight Riders,field,normal,0,Delhi Daredevils,27,0,CR Brathwaite,Feroz Shah Kotla
2016,Hyderabad,4/30/2016,Sunrisers Hyderabad,Royal Challengers Bangalore,Royal Challengers Bangalore,field,normal,0,Sunrisers Hyderabad,15,0,DA Warner,"Rajiv Gandhi International Stadium, Uppal"
2016,Bangalore,5/2/2016,Royal Challengers Bangalore,Kolkata Knight Riders,Kolkata Knight Riders,field,normal,0,Kolkata Knight Riders,0,5,AD Russell,M Chinnaswamy Stadium
2016,Kolkata,5/4/2016,Kolkata Knight Riders,Kings XI Punjab,Kings XI Punjab,field,normal,0,Kolkata Knight Riders,7,0,AD Russell,Eden Gardens
2016,Chandigarh,5/7/2016,Kings XI Punjab,Delhi Daredevils,Delhi Daredevils,field,normal,0,Kings XI Punjab,9,0,MP Stoinis,"Punjab Cricket Association IS Bindra Stadium, Mohali"
2016,Visakhapatnam,5/8/2016,Sunrisers Hyderabad,Mumbai Indians,Mumbai Indians,field,normal,0,Sunrisers Hyderabad,85,0,A Nehra,Dr. Y.S. Rajasekhara Reddy ACA-VDCA Cricket Stadium
2016,Chandigarh,5/9/2016,Royal Challengers Bangalore,Kings XI Punjab,Kings XI Punjab,field,normal,0,Royal Challengers Bangalore,1,0,SR Watson,"Punjab Cricket Association IS Bindra Stadium, Mohali"
2016,Bangalore,5/11/2016,Royal Challengers Bangalore,Mumbai Indians,Mumbai Indians,field,normal,0,Mumbai Indians,0,6,KH Pandya,M Chinnaswamy Stadium
2016,Hyderabad,5/12/2016,Sunrisers Hyderabad,Delhi Daredevils,Delhi Daredevils,field,normal,0,Delhi Daredevils,0,7,CH Morris,"Rajiv Gandhi International Stadium, Uppal"
2016,Visakhapatnam,5/13/2016,Mumbai Indians,Kings XI Punjab,Mumbai Indians,bat,normal,0,Kings XI Punjab,0,7,MP Stoinis,Dr. Y.S. Rajasekhara Reddy ACA-VDCA Cricket Stadium
2016,Chandigarh,5/15/2016,Kings XI Punjab,Sunrisers Hyderabad,Kings XI Punjab,bat,normal,0,Sunrisers Hyderabad,0,7,HM Amla,"Punjab Cricket Association IS Bindra Stadium, Mohali"
2016,Visakhapatnam,5/15/2016,Mumbai Indians,Delhi Daredevils,Delhi Daredevils,field,normal,0,Mumbai Indians,80,0,KH Pandya,Dr. Y.S. Rajasekhara Reddy ACA-VDCA Cricket Stadium
2016,Kolkata,5/16/2016,Kolkata Knight Riders,Royal Challengers Bangalore,Royal Challengers Bangalore,field,normal,0,Royal Challengers Bangalore,0,9,V Kohli,Eden Gardens
2016,Bangalore,5/18/2016,Royal Challengers Bangalore,Kings XI Punjab,Kings XI Punjab,field,normal,1,Royal Challengers Bangalore,82,0,V Kohli,M Chinnaswamy Stadium
2016,Raipur,5/20/2016,Sunrisers Hyderabad,Delhi Daredevils,Delhi Daredevils,field,normal,0,Delhi Daredevils,0,6,KK Nair,Shaheed Veer Narayan Singh International Stadium
2016,Kolkata,5/22/2016,Kolkata Knight Riders,Sunrisers Hyderabad,Sunrisers Hyderabad,field,normal,0,Kolkata Knight Riders,22,0,YK Pathan,Eden Gardens
2016,Raipur,5/22/2016,Delhi Daredevils,Royal Challengers Bangalore,Royal Challengers Bangalore,field,normal,0,Royal Challengers Bangalore,0,6,V Kohli,Shaheed Veer Narayan Singh International Stadium
2016,Delhi,5/25/2016,Sunrisers Hyderabad,Kolkata Knight Riders,Kolkata Knight Riders,field,normal,0,Sunrisers Hyderabad,22,0,MC Henriques,Feroz Shah Kotla
2016,Bangalore,5/29/2016,Sunrisers Hyderabad,Royal Challengers Bangalore,Sunrisers Hyderabad,bat,normal,0,Sunrisers Hyderabad,8,0,BCJ Cutting,M Chinnaswamy Stadium
